timestamp,query,response_a,response_b,preferred,context,reason,response_a_length,response_b_length
2025-11-20T17:10:41.483012,What is the capital of France?,"The capital of France is Paris. Paris is not only the political capital of the country but also serves as a major cultural, economic, and historical hub in Europe and the world. 

As mentioned in the context, Paris is significant in various industries, including finance, retail, tourism, and the arts. It is home to many iconic landmarks such as the Eiffel Tower, the Louvre Museum, and the Notre-Dame Cathedral, which attract millions of tourists each year. The city's influence extends beyond its borders, as it is often considered a center for fashion and art, hosting events like Paris Fashion Week and various art exhibitions.

In terms of cinema, the context references that Paris has a notable position in the film industry, with the second-highest ticket sales of all time for a movie, amounting to 4.1 million tickets sold, surpassed only by ""Spider-Man 3."" This highlights the city's vibrant entertainment sector and its role in global cinema.

Historically, Paris has been a focal point for cultural and intellectual movements, especially during the Enlightenment and the 19th century, when it became a hub for artists, writers, and philosophers.

In summary, Paris is the capital of France, renowned for its rich history, cultural significance, and economic impact, making it one of the most important cities in the world.",The capital of France is Paris.,B,". The city is a major center for banking and finance, retailing, world trade, transportation, tourism, real estate, new media as well as traditional media, advertising, legal services, accountancy, insurance, theater, fashion, and the arts in the United States; while Silicon Alley, metonymous for New York's broad-spectrum high technology sphere, continues to expand

. It has been the country's largest city since 1790. The Statue of Liberty greeted millions of immigrants as they came to the Americas by ship in the late 19th and early 20th centuries and is a globally recognized symbol of the United States and its democracy.

. The top earning markets are Germany ($70.3 million) and France ($38.8 million). In Paris, it has the second highest ticket sales of all time with $4.1 million tickets sold only behind Spider-Man 3 which sold over $6.32 million tickets in 2007.

. The first state governor was Joseph K. Toole. In the 1880s, Helena (the current state capital) had more millionaires per capita than any other United States city.

Portugal (Portuguese: [puɾtuˈɣaɫ]), officially the Portuguese Republic (Portuguese: República Portuguesa), is a country on the Iberian Peninsula, in Southwestern Europe. It is the westernmost country of mainland Europe, being bordered by the Atlantic Ocean to the west and south and by Spain to the north and east",It's a direct and short answer to my direct question.,215,6
2025-11-20T17:11:38.867262,Who invented the telephone?,"The context provided does not mention the invention of the telephone. However, the telephone is commonly attributed to Alexander Graham Bell, who was awarded the first US patent for an ""improvement in telegraphy"" in 1876, which allowed for the transmission of voice over wires. Bell's invention marked a significant advancement in communication technology, enabling real-time voice conversations over long distances.

While the context references telecommunications and devices inspired by existing designs, it does not directly address the history or inventor of the telephone. For a comprehensive understanding, it's essential to recognize that Bell's invention laid the groundwork for modern telecommunications, which have since evolved into the complex mobile and internet systems mentioned in the context.",The context does not provide information about who invented the telephone.,B,"Immediately after the earthquake event, mobile and terrestrial telecommunications were cut to the affected and surrounding area, with all internet capabilities cut to the Sichuan area too. Elements of telecommunications were restored by the government piece by piece over the next number of months as the situation in the Sichuan province gradually improved

. The aesthetic was inspired by the 1958 Braun T3 transistor radio designed by Dieter Rams, while the wheel based user interface was prompted by Bang & Olufsen's BeoCom 6000 telephone. The product (""the Walkman of the twenty-first century"" ) was developed in less than one year and unveiled on October 23, 2001

Frédéric François Chopin (/ˈʃoʊpæn/; French pronunciation: ​[fʁe.de.ʁik fʁɑ̃.swa ʃɔ.pɛ̃]; 22 February or 1 March 1810 – 17 October 1849), born Fryderyk Franciszek Chopin,[n 1] was a Polish and French (by citizenship and birth of father) composer and a virtuoso pianist of the Romantic era, who wrote primarily for the solo piano

. Throughout the first half of the 20th century, the city became a world center for industry, commerce, and communication.

. As ordered by CEO Steve Jobs, Apple's hardware engineering chief Jon Rubinstein assembled a team of engineers to design the iPod line, including hardware engineers Tony Fadell and Michael Dhuey, and design engineer Sir Jonathan Ive",The context should be used.,115,11
2025-11-20T17:12:23.777813,When did World War II end?,"World War II ended on September 2, 1945, when Japan formally surrendered. This followed the earlier surrender of Germany on May 7, 1945, which marked the end of the war in Europe. The conclusion of World War II had significant global implications, including the establishment of new political orders, the onset of the Cold War, and the emergence of the United States as a dominant economic power, as indicated by the context provided. The post-war period saw substantial economic growth, influenced in part by returning veterans and government policies aimed at stimulating the economy.",World War II ended in 1945.,A,"The only attempt at a peaceful solution to the war took place at the Conference House on Staten Island between American delegates, including Benjamin Franklin, and British general Lord Howe on September 11, 1776

When the U.S. entered World War II on December 8, 1941, many Montanans already had enlisted in the military to escape the poor national economy of the previous decade. Another 40,000-plus Montanans entered the armed forces in the first year following the declaration of war, and over 57,000 joined up before the war ended

. Since the end of the war, newly established political stability and foreign aid have allowed the country's economy to grow.

Genocide has become an official term used in international relations. The word genocide was not in use before 1944. Before this, in 1941, Winston Churchill described the mass killing of Russian prisoners of war and civilians as ""a crime without a name"". In that year, a Polish-Jewish lawyer named Raphael Lemkin, described the policies of systematic murder founded by the Nazis as genocide

Returning World War II veterans created a post-war economic boom and the development of large housing tracts in eastern Queens. New York emerged from the war unscathed as the leading city of the world, with Wall Street leading America's place as the world's dominant economic power",It explains the history which I prefer,94,6
2025-11-20T17:13:24.682253,Where is Normandy?,"The context provided does not contain information about Normandy. However, I can provide a detailed answer about its location.

Normandy is a region located in the northwestern part of France. It is bordered by the English Channel to the north, the regions of Bretagne (Brittany) to the west, Pays de la Loire to the southwest, Centre-Val de Loire to the southeast, and Île-de-France to the east. Normandy is known for its rich history, including its role in the D-Day landings during World War II, and is famous for landmarks such as the picturesque Mont Saint-Michel and the historic city of Rouen.

If you have more specific questions about Normandy or want to know how it relates to a particular topic or context, feel free to ask!",The context does not provide information about Normandy.,B,"New York City is situated in the Northeastern United States, in southeastern New York State, approximately halfway between Washington, D.C. and Boston. The location at the mouth of the Hudson River, which feeds into a naturally sheltered harbor and then into the Atlantic Ocean, has helped the city grow in significance as a trading port

Portugal (Portuguese: [puɾtuˈɣaɫ]), officially the Portuguese Republic (Portuguese: República Portuguesa), is a country on the Iberian Peninsula, in Southwestern Europe. It is the westernmost country of mainland Europe, being bordered by the Atlantic Ocean to the west and south and by Spain to the north and east

. It has been the country's largest city since 1790. The Statue of Liberty greeted millions of immigrants as they came to the Americas by ship in the late 19th and early 20th centuries and is a globally recognized symbol of the United States and its democracy.

The Statue of Liberty National Monument and Ellis Island Immigration Museum are managed by the National Park Service and are in both the states of New York and New Jersey. They are joined in the harbor by Governors Island National Monument, in New York

. The suburbs to the immediate north and west lie in the transition zone from a humid subtropical (Cfa) to a humid continental climate (Dfa). The area averages 234 days with at least some sunshine annually, and averages 57% of possible sunshine annually, accumulating 2,535 hours of sunshine per annum. The city falls under USDA 7b Plant Hardiness zone.",Context matters,126,8
